<?xml version="1.0" encoding="UTF-8"?>
<project-private xmlns="http://www.netbeans.org/ns/project-private/1">
    <editor-bookmarks xmlns="http://www.netbeans.org/ns/editor-bookmarks/2" lastBookmarkId="0"/>
    <open-files xmlns="http://www.netbeans.org/ns/projectui-open-files/2">
        <group>
            <file>file:/C:/Users/Juarez/Documents/Nova%20pasta/Versao03/InterfacePok2/src/interfacepok/TelaDeletaPoke.java</file>
            <file>file:/C:/Users/Juarez/Documents/Nova%20pasta/Versao03/InterfacePok2/src/interfacepok/TelaCadastroPokemon.java</file>
            <file>file:/C:/Users/Juarez/Documents/Nova%20pasta/Versao03/InterfacePok2/src/interfacepok/TelaCadastroJogador.java</file>
            <file>file:/C:/Users/Juarez/Documents/Nova%20pasta/Versao03/InterfacePok2/src/interfacepok/SoNumeros.java</file>
            <file>file:/C:/Users/Juarez/Documents/Nova%20pasta/Versao03/InterfacePok2/src/interfacepok/TelaDeletaGinasio.java</file>
            <file>file:/C:/Users/Juarez/Documents/Nova%20pasta/Versao03/InterfacePok2/src/interfacepok/TelaCadastroGinasio.java</file>
        </group>
    </open-files>
</project-private>
