<?xml version="1.0" encoding="UTF-8"?>
<project-private xmlns="http://www.netbeans.org/ns/project-private/1">
    <editor-bookmarks xmlns="http://www.netbeans.org/ns/editor-bookmarks/2" lastBookmarkId="0"/>
    <open-files xmlns="http://www.netbeans.org/ns/projectui-open-files/2">
        <group>
            <file>file:/C:/Users/pedro/Desktop/Versao03/InterfacePok2/src/Pokemons/Pokedex.java</file>
            <file>file:/C:/Users/pedro/Desktop/Versao03/InterfacePok2/src/interfacepok/TelaConsultaPoke.java</file>
            <file>file:/C:/Users/pedro/Desktop/Versao03/InterfacePok2/src/Pokemons/PokemonTrabalho.java</file>
            <file>file:/C:/Users/pedro/Desktop/Versao03/InterfacePok2/src/Pokemons/MenuBDP.java</file>
            <file>file:/C:/Users/pedro/Desktop/Versao03/InterfacePok2/src/Pokemons/Agua.java</file>
            <file>file:/C:/Users/pedro/Desktop/Versao03/InterfacePok2/src/Pokemons/Ginasio.java</file>
        </group>
    </open-files>
</project-private>
